{"cv_score": 0.1380952380952381, "cv_std": 0.0358499407805404, "_timestamp": 1656779305, "_runtime": 1974, "_step": 1, "grid_score": 0.14005952380952383, "grid_std": 0.037373463763087214, "_wandb": {"runtime": 351}}